variable name,wb_code,title,topic,definition,year_note,n_countries,source_org
gdp_usd,NY.GDP.MKTP.CD,GDP (current US$),Macroeconomy & trade,"Gross domestic product is the total income earned through the production of goods and services in an economic territory during an accounting period. It can be measured in three different ways: using either the expenditure approach, the income approach, or the production approach. This indicator is expressed in current prices, meaning no adjustment has been made to account for price changes over time. This indicator is expressed in United States dollars.",Most recent value within 2018-2022. Years range 2018-2022; most common year 2022; 98.8% of values from 2022.,255,"Country official statistics, National Statistical Organizations and/or Central Banks;
National Accounts data files, Organisation for Economic Co-operation and Development (OECD);
Staff estimates, World Bank (WB)"
gdp_pc,NY.GDP.PCAP.CD,GDP per capita (current US$),Macroeconomy & trade,"Gross domestic product is the total income earned through the production of goods and services in an economic territory during an accounting period. It can be measured in three different ways: using either the expenditure approach, the income approach, or the production approach. The core indicator has been divided by the general population to achieve a per capita estimate.This indicator is expressed in current prices, meaning no adjustment has been made to account for price changes over time. This indicator is expressed in United States dollars.",Most recent value within 2018-2022. Years range 2018-2022; most common year 2022; 98.8% of values from 2022.,255,"Country official statistics, National Statistical Organizations and/or Central Banks;
National Accounts data files, Organisation for Economic Co-operation and Development (OECD);
Staff estimates, World Bank (WB)"
gdp_growth,NY.GDP.MKTP.KD.ZG,GDP growth (annual %),Macroeconomy & trade,"Gross domestic product is the total income earned through the production of goods and services in an economic territory during an accounting period. It can be measured in three different ways: using either the expenditure approach, the income approach, or the production approach. This indicator denotes the percentage change over each previous year of the constant price (base year 2015) series in United States dollars.",Most recent value within 2018-2022. Years range 2018-2022; most common year 2022; 99.2% of values from 2022.,254,"Country official statistics, National Statistical Organizations and/or Central Banks;
National Accounts data files, Organisation for Economic Co-operation and Development (OECD);
Staff estimates, World Bank (WB)"
gni_pc,NY.GNP.PCAP.CD,"GNI per capita, Atlas method (current US$)",Macroeconomy & trade,"Gross national income is the total income earned by all residents within an economic territory during an accounting period. It is equal to gross domestic product plus earned income receivable from abroad minus earned income payable abroad. This figure is converted to U.S. dollars using the World Bank Atlas method, and divided by the midyear population. GNI, calculated in national currency, is usually converted to U.S. dollars at official exchange rates for comparisons across economies, although an alternative rate is used when the official exchange rate is judged to diverge by an exceptionally large margin from the rate actually applied in international transactions. To smooth fluctuations in prices and exchange rates, a special Atlas method of conversion is used by the World Bank. This applies a conversion factor that averages the exchange rate for a given year and the two preceding years, adjusted for differences in rates of inflation between the country, and through 2000, the G-5 countries (France, Germany, Japan, the United Kingdom, and the United States). From 2001, these countries include the Euro area, Japan, the United Kingdom, and the United States. This indicator is expressed in current prices, meaning no adjustment has been made to account for price changes over time. This indicator is expressed in United States dollars.",Most recent value within 2018-2022. Years range 2018-2022; most common year 2022; 99.2% of values from 2022.,246,"Country official statistics, National Statistical Organizations and/or Central Banks;
National Accounts data files, Organisation for Economic Co-operation and Development (OECD);
Staff estimates, World Bank (WB)"
inflation,FP.CPI.TOTL.ZG,"Inflation, consumer prices (annual %)",Macroeconomy & trade,"Inflation as measured by the consumer price index reflects the annual percentage change in the cost to the average consumer of acquiring a basket of goods and services that may be fixed or changed at specified intervals, such as yearly.",Most recent value within 2018-2022. Years range 2019-2022; most common year 2022; 97.4% of values from 2022.,227,"International Financial Statistics database, International Monetary Fund (IMF)"
exports_gdp,NE.EXP.GNFS.ZS,Exports of goods and services (% of GDP),Macroeconomy & trade,"Exports of goods includes changes in the economic ownership of goods from residents of the compiling economy to non-residents, irrespective of physical movement of goods across national borders. Exports of services includes services provided by residents to non-residents. This indicator is expressed as a percentage of Gross Domestic Product (GDP) which is the total income earned through the production of goods and services in an economic territory during an accounting period.",Most recent value within 2018-2022. Years range 2018-2022; most common year 2022; 98.7% of values from 2022.,226,"Country official statistics, National Statistical Offices (NSOs);
National Accounts data files, Central Banks;
Staff estimates, World Bank (WB)"
imports_gdp,NE.IMP.GNFS.ZS,Imports of goods and services (% of GDP),Macroeconomy & trade,"Imports of goods includes change in the economic ownership of goods from non-residents to




residents of the compiling economy, irrespective of physical movement of goods across national borders. Imports of services includes services provided by non-residents to residents. This indicator is expressed as a percentage of Gross Domestic Product (GDP) which is the total income earned through the production of goods and services in an economic territory during an accounting period.",Most recent value within 2018-2022. Years range 2018-2022; most common year 2022; 98.7% of values from 2022.,227,"Country official statistics, National Statistical Offices (NSOs);
National Accounts data files, Central Banks;
Staff estimates, World Bank (WB)"
fdi_gdp,BX.KLT.DINV.WD.GD.ZS,"Foreign direct investment, net inflows (% of GDP)",Macroeconomy & trade,"Foreign direct investment is the net inflows of investment to acquire a lasting management interest (10 percent or more of voting stock) in an enterprise operating in an economy other than that of the investor. It is the sum of equity capital, reinvestment of earnings, other long-term capital, and short-term capital as shown in the balance of payments. This series shows net inflows (new investment inflows less disinvestment) in the reporting economy from foreign investors, and is divided by GDP.",Most recent value within 2018-2022. Years range 2018-2022; most common year 2022; 98.8% of values from 2022.,241,"International Financial Statistics and Balance of Payments databases, International Monetary Fund (IMF);
International Debt Statistics, World Bank (WB);
World Bank GDP estimates, World Bank (WB);
OECD GDP estimates, Organisation for Economic Co-operation and Development (OECD)"
adj_savings,NY.ADJ.SVNG.GN.ZS,"Adjusted net savings, including particulate emission damage (% of GNI)",Macroeconomy & trade,"Adjusted net savings are equal to net national savings plus education expenditure and minus energy depletion, mineral depletion, net forest depletion, and carbon dioxide and particulate emissions damage. This indicator is expressed as a percentage of Gross National Income (GNI) which is the total income earned by all residents within an economic territory during an accounting period. It is equal to gross domestic product plus earned income receivable from abroad minus earned income payable abroad.",Most recent value within 2018-2022. Years range 2018-2021; most common year 2021; 0.0% of values from 2022.,190,"Staff estimates, World Bank (WB);
The Changing Wealth of Nations: Measuring Sustainable Development in the New Millennium, World Bank (WB)"
lfp,SL.TLF.CACT.ZS,"Labor force participation rate, total (% of total population ages 15+) (modeled ILO estimate)",Labor market,Labor force participation rate is the proportion of the population ages 15 and older that is economically active: all people who supply labor for the production of goods and services during a specified period.,Most recent value within 2018-2022. Years range 2021-2022; most common year 2022; 99.6% of values from 2022.,230,"ILO Modelled Estimates database (ILOEST), International Labour Organization (ILO), uri: https://ilostat.ilo.org/data/bulk/, publisher: ILOSTAT, type: external database, date accessed: January 17, 2026"
unemp,SL.UEM.TOTL.ZS,"Unemployment, total (% of total labor force) (modeled ILO estimate)",Labor market,Unemployment refers to the share of the labor force that is without work but available for and seeking employment.,Most recent value within 2018-2022. Years range 2021-2022; most common year 2022; 99.6% of values from 2022.,230,"ILO Modelled Estimates database (ILOEST), International Labour Organization (ILO), uri: https://ilostat.ilo.org/data/bulk/, publisher: ILOSTAT, type: external database, date accessed: January 17, 2026"
lfp_fem,SL.TLF.CACT.FE.ZS,"Labor force participation rate, female (% of female population ages 15+) (modeled ILO estimate)",Labor market,The labor force participation rate is the labor force as a percent of the population ages 15 and older. The labor force is the sum of all persons of working age who are employed and those who are unemployed.,Most recent value within 2018-2022. Years range 2021-2022; most common year 2022; 99.6% of values from 2022.,230,"ILO Modelled Estimates database (ILOEST), International Labour Organization (ILO), uri: https://ilostat.ilo.org/data/bulk/, publisher: ILOSTAT, type: external database, date accessed: January 17, 2026"
lfp_fm_ratio,SL.TLF.CACT.FM.ZS,Ratio of female to male labor force participation rate (%) (modeled ILO estimate),Labor market,Labor force participation rate is the proportion of the population ages 15 and older that is economically active: all people who supply labor for the production of goods and services during a specified period.,Most recent value within 2018-2022. Years range 2021-2022; most common year 2022; 99.6% of values from 2022.,230,"ILO Modelled Estimates database (ILOEST), International Labour Organization (ILO), uri: https://ilostat.ilo.org/data/bulk/, publisher: ILOSTAT, type: estimates based on external database;
Staff estimates, World Bank (WB)"
unemp_fem,SL.UEM.TOTL.FE.ZS,"Unemployment, female (% of female labor force) (modeled ILO estimate)",Labor market,Unemployment refers to the share of the labor force that is without work but available for and seeking employment.,Most recent value within 2018-2022. Years range 2021-2022; most common year 2022; 99.6% of values from 2022.,230,"ILO Modelled Estimates database (ILOEST), International Labour Organization (ILO), uri: https://ilostat.ilo.org/data/bulk/, publisher: ILOSTAT, type: external database, date accessed: January 17, 2026"
youth_lfp,SL.TLF.ACTI.1524.ZS,"Labor force participation rate for ages 15-24, total (%) (modeled ILO estimate)",Labor market,Labor force participation rate for ages 15-24 is the proportion of the population ages 15-24 that is economically active: all people who supply labor for the production of goods and services during a specified period.,Most recent value within 2018-2022. Years range 2021-2022; most common year 2022; 99.6% of values from 2022.,230,"ILO Modelled Estimates database (ILOEST), International Labour Organization (ILO), uri: https://ilostat.ilo.org/data/bulk/, publisher: ILOSTAT, type: external database, date accessed: January 17, 2026"
youth_unemp,SL.UEM.1524.ZS,"Unemployment, youth total (% of total labor force ages 15-24) (modeled ILO estimate)",Labor market,Youth unemployment refers to the share of the labor force ages 15-24 without work but available for and seeking employment.,Most recent value within 2018-2022. Years range 2021-2022; most common year 2022; 99.6% of values from 2022.,230,"ILO Modelled Estimates database (ILOEST), International Labour Organization (ILO), uri: https://ilostat.ilo.org/data/bulk/, publisher: ILOSTAT, type: external database, date accessed: January 17, 2026"
youth_neet,SL.UEM.NEET.ZS,"Share of youth not in education, employment or training, total (% of youth population)",Labor market,"The share of youth not in education, employment or training (also known as “the NEET rate”) conveys the number of young persons not in education, employment or training as a percentage of the total youth population. Youth not in education are those who were neither enrolled in school nor in a formal training program (e.g. vocational training). For the purposes of this indicator, youth is defined as all persons between the ages of 15 and 24 (inclusive).",Most recent value within 2018-2022. Years range 2018-2022; most common year 2022; 74.7% of values from 2022.,174,"Labour Force Statistics database (LFS), International Labour Organization (ILO), uri: https://ilostat.ilo.org/data/bulk/, publisher: ILOSTAT, type: external database, date accessed: June 22, 2026"
edu_exp_gdp,SE.XPD.TOTL.GD.ZS,"Government expenditure on education, total (% of GDP)",Education,"General government expenditure on education (current, capital, and transfers) is expressed as a percentage of GDP. It includes expenditure funded by transfers from international sources to government. General government usually refers to local, regional and central governments.",Most recent value within 2018-2022. Years range 2018-2022; most common year 2022; 91.1% of values from 2022.,224,"Data API, UN Educational, Scientific and Cultural Organization (UNESCO), uri: https://databrowser.uis.unesco.org/resources, note: The data are obtained through the UIS API.  Detailed documentation is available at: https://api.uis.unesco.org/api/public/documentation/, publisher: UNESCO Institute for Statistics (UIS), date accessed: 2026-03-19, date published: 2026-02"
compul_edu_yrs,SE.COM.DURS,"Compulsory education, duration (years)",Education,Duration of compulsory education is the number of years that children are legally obliged to attend school.,All values from 2022.,239,"Data API, UN Educational, Scientific and Cultural Organization (UNESCO), uri: https://databrowser.uis.unesco.org/resources, note: The data are obtained through the UIS API.  Detailed documentation is available at: https://api.uis.unesco.org/api/public/documentation/, publisher: UNESCO Institute for Statistics (UIS), date accessed: 2026-03-19, date published: 2026-02"
preprim_enroll,SE.PRE.ENRR,"School enrollment, preprimary (% gross)",Education,"Gross enrollment ratio is the ratio of total enrollment, regardless of age, to the population of the age group that officially corresponds to the level of education shown. Preprimary education refers to programs at the initial stage of organized instruction, designed primarily to introduce very young children to a school-type environment and to provide a bridge between home and school.",Most recent value within 2018-2022. Years range 2018-2022; most common year 2020; 1.9% of values from 2022.,212,"Stat Bulk Data Download Service, UN Educational, Scientific and Cultural Organization (UNESCO), uri: https://uis.unesco.org/bdds, publisher: UNESCO Institute for Statistics (UIS)"
prim_enroll_net,SE.PRM.NENR,"School enrollment, primary (% net)",Education,"Net enrollment rate is the ratio of children of official school age who are enrolled in school to the population of the corresponding official school age. Primary education provides children with basic reading, writing, and mathematics skills along with an elementary understanding of such subjects as history, geography, natural science, social science, art, and music.",Most recent value within 2018-2022. Years range 2018-2019; most common year 2018; 0.0% of values from 2022.,100,"Stat Bulk Data Download Service, UN Educational, Scientific and Cultural Organization (UNESCO), uri: https://uis.unesco.org/bdds, publisher: UNESCO Institute for Statistics (UIS)"
prim_compl,SE.PRM.CMPT.ZS,"Primary completion rate, total (% of relevant age group)",Education,"Primary completion rate, or gross intake ratio to the last grade of primary education, is the number of new entrants (enrollments minus repeaters) in the last grade of primary education, regardless of age, divided by the population at the entrance age for the last grade of primary education. Data limitations preclude adjusting for students who drop out during the final year of primary education.",Most recent value within 2018-2022. Years range 2018-2022; most common year 2022; 82.9% of values from 2022.,211,"Data API, UN Educational, Scientific and Cultural Organization (UNESCO), uri: https://databrowser.uis.unesco.org/resources, note: The data are obtained through the UIS API.  Detailed documentation is available at: https://api.uis.unesco.org/api/public/documentation/, publisher: UNESCO Institute for Statistics (UIS), type: Bulk file (csv), date accessed: 2026-03-19, date published: 2026-02"
prim_compl_fem,SE.PRM.CMPT.FE.ZS,"Primary completion rate, female (% of relevant age group)",Education,"Primary completion rate, or gross intake ratio to the last grade of primary education, is the number of new entrants (enrollments minus repeaters) in the last grade of primary education, regardless of age, divided by the population at the entrance age for the last grade of primary education. Data limitations preclude adjusting for students who drop out during the final year of primary education.",Most recent value within 2018-2022. Years range 2018-2022; most common year 2022; 82.9% of values from 2022.,210,"Data API, UN Educational, Scientific and Cultural Organization (UNESCO), uri: https://databrowser.uis.unesco.org/resources, note: The data are obtained through the UIS API.  Detailed documentation is available at: https://api.uis.unesco.org/api/public/documentation/, publisher: UNESCO Institute for Statistics (UIS), date accessed: 2026-03-19, date published: 2026-02"
sec_enroll,SE.SEC.ENRR,"School enrollment, secondary (% gross)",Education,"Gross enrollment ratio is the ratio of total enrollment, regardless of age, to the population of the age group that officially corresponds to the level of education shown. Secondary education completes the provision of basic education that began at the primary level, and aims at laying the foundations for lifelong learning and human development, by offering more subject- or skill-oriented instruction using more specialized teachers.",Most recent value within 2018-2022. Years range 2018-2022; most common year 2022; 85.4% of values from 2022.,212,"Data API, UN Educational, Scientific and Cultural Organization (UNESCO), uri: https://databrowser.uis.unesco.org/resources, note: The data are obtained through the UIS API.  Detailed documentation is available at: https://api.uis.unesco.org/api/public/documentation/, publisher: UNESCO Institute for Statistics (UIS), type: Bulk file (csv), date accessed: 2026-03-19, date published: 2026-02"
sec_enroll_fem,SE.SEC.ENRR.FE,"School enrollment, secondary, female (% gross)",Education,"Gross enrollment ratio is the ratio of total enrollment, regardless of age, to the population of the age group that officially corresponds to the level of education shown. Secondary education completes the provision of basic education that began at the primary level, and aims at laying the foundations for lifelong learning and human development, by offering more subject- or skill-oriented instruction using more specialized teachers.",Most recent value within 2018-2022. Years range 2018-2022; most common year 2022; 85.4% of values from 2022.,212,"Data API, UN Educational, Scientific and Cultural Organization (UNESCO), uri: https://databrowser.uis.unesco.org/resources, note: The data are obtained through the UIS API.  Detailed documentation is available at: https://api.uis.unesco.org/api/public/documentation/, publisher: UNESCO Institute for Statistics (UIS), type: Bulk file (csv), date accessed: 2026-03-19, date published: 2026-02"
upsec_attain,SE.SEC.CUAT.UP.ZS,"Educational attainment, at least completed upper secondary, population 25+, total (%) (cumulative)",Education,The percentage of population ages 25 and over that attained or completed upper secondary education.,Most recent value within 2018-2022. Years range 2018-2022; most common year 2022; 68.9% of values from 2022.,167,"Data API, UN Educational, Scientific and Cultural Organization (UNESCO), uri: https://databrowser.uis.unesco.org/resources, note: The data are obtained through the UIS API.  Detailed documentation is available at: https://api.uis.unesco.org/api/public/documentation/, publisher: UNESCO Institute for Statistics (UIS), type: Bulk file (csv), date accessed: 2026-03-19, date published: 2026-02"
ter_enroll,SE.TER.ENRR,"School enrollment, tertiary (% gross)",Education,"Gross enrollment ratio is the ratio of total enrollment, regardless of age, to the population of the age group that officially corresponds to the level of education shown. Tertiary education, whether or not to an advanced research qualification, normally requires, as a minimum condition of admission, the successful completion of education at the secondary level.",Most recent value within 2018-2022. Years range 2018-2022; most common year 2022; 83.2% of values from 2022.,191,"Data API, UN Educational, Scientific and Cultural Organization (UNESCO), uri: https://databrowser.uis.unesco.org/resources, note: The data are obtained through the UIS API.  Detailed documentation is available at: https://api.uis.unesco.org/api/public/documentation/, publisher: UNESCO Institute for Statistics (UIS), type: Bulk file (csv), date accessed: 2026-03-19, date published: 2026-02"
ter_enroll_fem,SE.TER.ENRR.FE,"School enrollment, tertiary, female (% gross)",Education,"Gross enrollment ratio is the ratio of total enrollment, regardless of age, to the population of the age group that officially corresponds to the level of education shown. Tertiary education, whether or not to an advanced research qualification, normally requires, as a minimum condition of admission, the successful completion of education at the secondary level.",Most recent value within 2018-2022. Years range 2018-2022; most common year 2022; 83.2% of values from 2022.,190,"Data API, UN Educational, Scientific and Cultural Organization (UNESCO), uri: https://databrowser.uis.unesco.org/resources, note: The data are obtained through the UIS API.  Detailed documentation is available at: https://api.uis.unesco.org/api/public/documentation/, publisher: UNESCO Institute for Statistics (UIS), type: Bulk file (csv), date accessed: 2026-03-19, date published: 2026-02"
enroll_gpi,SE.ENR.PRSC.FM.ZS,"School enrollment, primary and secondary (gross), gender parity index (GPI)",Education,Gender parity index for gross enrollment ratio in primary and secondary education is the ratio of girls to boys enrolled at primary and secondary levels in public and private schools.,Most recent value within 2018-2022. Years range 2018-2022; most common year 2020; 1.0% of values from 2022.,194,"Stat Bulk Data Download Service, UN Educational, Scientific and Cultural Organization (UNESCO), uri: https://uis.unesco.org/bdds, publisher: UNESCO Institute for Statistics (UIS)"
vocational_fem_pct,UIS.FEP.4.V,Percentage of students in post-secondary non-tertiary vocational education who are female (%),Education,Number of female vocational education students at the post-secondary non-tertiary level expressed as a percentage of the total number of vocational education students (male and female) at the post-secondary non-tertiary level in a given school year.,Sparse UNESCO series; most recent value within 2015-2022 used. Years range 2015-2019; most common year 2017; 0.0% of values from 2022.,89,UNESCO Institute for Statistics (http://uis.unesco.org/). Data as of March 2020.
youth_lit,SE.ADT.1524.LT.ZS,"Literacy rate, youth total (% of people ages 15-24)",Education,Youth literacy rate is the percentage of people ages 15-24 who can both read and write with understanding a short simple statement about their everyday life.,Most recent value within 2018-2022. Years range 2018-2022; most common year 2022; 61.8% of values from 2022.,152,"Data API, UN Educational, Scientific and Cultural Organization (UNESCO), uri: https://databrowser.uis.unesco.org/resources, note: The data are obtained through the UIS API.  Detailed documentation is available at: https://api.uis.unesco.org/api/public/documentation/, publisher: UNESCO Institute for Statistics (UIS), type: Excel (bulk file), date accessed: 2026-03-19, date published: 2026-02"
youth_illit_pop,UIS.LP.AG15T24,"Youth illiterate population, 15-24 years, both sexes (number)",Education,Total number of youth between age 15 and age 24 who cannot both read and write with understanding a short simple statement on their everyday life.,Sparse UNESCO series; most recent value within 2015-2022 used. Years range 2015-2019; most common year 2018; 0.0% of values from 2022.,158,UNESCO Institute for Statistics
lit_fem,SE.ADT.LITR.FE.ZS,"Literacy rate, adult female (% of females ages 15 and above)",Education,Adult literacy rate is the percentage of people ages 15 and above who can both read and write with understanding a short simple statement about their everyday life.,Most recent value within 2018-2022. Years range 2018-2022; most common year 2022; 55.3% of values from 2022.,150,"Data API, UN Educational, Scientific and Cultural Organization (UNESCO), uri: https://databrowser.uis.unesco.org/resources, note: The data are obtained through the UIS API.  Detailed documentation is available at: https://api.uis.unesco.org/api/public/documentation/, publisher: UNESCO Institute for Statistics (UIS), type: Excel (bulk file), date accessed: 2026-03-19, date published: 2026-02"
hcip_total,HD_HCIP_OVRL_TO,"Human capital index plus (HCI+): overall score, total (scale 0–325)",Education,"The human capital index plus (HCI+): overall score calculates the contributions of health, education, and on-the-job learning to worker productivity. The index measures the productivity of a child born today as a future worker relative to the benchmark of full health, complete education, and full employment in wage employment.",Data from 2025 vintage of the Human Capital Index Plus.,162,"Staff calculations based on the Human Capital Project, World Bank (WB), uri: https://humancapital.worldbank.org/en/home"
hcip_fem,HD_HCIP_OVRL_FE,"Human capital index plus (HCI+): overall score, female (scale 0–325)",Education,"The human capital index plus (HCI+): overall score calculates the contributions of health, education, and on-the-job learning to worker productivity. The index measures the productivity of a child born today as a future worker relative to the benchmark of full health, complete education, and full employment in wage employment.",Data from 2025 vintage of the Human Capital Index Plus.,158,"Staff calculations based on the Human Capital Project, World Bank (WB), uri: https://humancapital.worldbank.org/en/home"
hcip_male,HD_HCIP_OVRL_MA,"Human capital index plus (HCI+): overall score, male (scale 0–325)",Education,"The human capital index plus (HCI+): overall score calculates the contributions of health, education, and on-the-job learning to worker productivity. The index measures the productivity of a child born today as a future worker relative to the benchmark of full health, complete education, and full employment in wage employment.",Data from 2025 vintage of the Human Capital Index Plus.,158,"Staff calculations based on the Human Capital Project, World Bank (WB), uri: https://humancapital.worldbank.org/en/home"
health_exp_gdp,SH.XPD.CHEX.GD.ZS,Current health expenditure (% of GDP),Health & demography,"Level of current health expenditure expressed as a percentage of GDP.  Estimates of current health expenditures include healthcare goods and services consumed during each year. This indicator does not include capital health expenditures such as buildings, machinery, IT and stocks of vaccines for emergency or outbreaks.",Most recent value within 2018-2022. Years range 2021-2022; most common year 2022; 99.6% of values from 2022.,236,"Global Health Expenditure Database, updated December 12th, 2025, World Health Organization (WHO), uri: https://apps.who.int/nha/database"
life_exp_fem,SP.DYN.LE00.FE.IN,"Life expectancy at birth, female (years)",Health & demography,Life expectancy at birth indicates the number of years a newborn infant would live if prevailing patterns of mortality at the time of its birth were to stay the same throughout its life.,All values from 2022.,260,"World Population Prospects, United Nations (UN), publisher: UN Population Division;
Statistical databases and publications from national statistical offices, National Statistical Offices (NSOs);
Demographic Statistics, Eurostat (ESTAT)"
mat_mort,SH.STA.MMRT,"Maternal mortality ratio (modeled estimate, per 100,000 live births)",Health & demography,"Maternal mortality ratio is the number of women who die from pregnancy-related causes while pregnant or within 42 days of pregnancy termination per 100,000 live births. The data are estimated with a regression model using information on the proportion of maternal deaths among non-AIDS deaths in women ages 15-49, fertility, birth attendants, and GDP measured using purchasing power parities (PPPs).",All values from 2022.,237,"Trends in Maternal Mortality, World Health Organization (WHO), uri: https://www.who.int/news/item/23-02-2023-a-woman-dies-every-two-minutes-due-to-pregnancy-or-childbirth--un-agencies;
UN Children's Fund (UNICEF), note: Trends in Maternal Mortality;
UN Population Fund (UNFPA), note: Trends in Maternal Mortality;
World Bank Group (WBG), note: Trends in Maternal Mortality"
inf_mort,SP.DYN.IMRT.IN,"Mortality rate, infant (per 1,000 live births)",Health & demography,"Infant mortality rate is the number of infants dying before reaching one year of age, per 1,000 live births in a given year.",All values from 2022.,239,"UN Inter-agency Group for Child Mortality Estimation, UN Children's Fund (UNICEF), uri: www.childmortality.org;
World Health Organization (WHO), uri: www.childmortality.org, note: UN Inter-agency Group for Child Mortality Estimation;
World Bank (WB), uri: www.childmortality.org, note: UN Inter-agency Group for Child Mortality Estimation;
United Nations (UN), uri: www.childmortality.org, note: UN Inter-agency Group for Child Mortality Estimation, publisher: UN Population Division"
u5_mort,SH.DYN.MORT,"Mortality rate, under-5 (per 1,000 live births)",Health & demography,"Under-five mortality rate is the probability per 1,000 that a newborn baby will die before reaching age five, if subject to age-specific mortality rates of the specified year.",All values from 2022.,239,"UN Inter-agency Group for Child Mortality Estimation, UN Children's Fund (UNICEF), uri: www.childmortality.org, publisher: UNICEF, WHO, World Bank, United Nations Population Division;
World Health Organization (WHO), uri: www.childmortality.org, note: UN Inter-agency Group for Child Mortality Estimation;
World Bank (WB), uri: www.childmortality.org, note: UN Inter-agency Group for Child Mortality Estimation;
United Nations (UN), uri: www.childmortality.org, note: UN Inter-agency Group for Child Mortality Estimation, publisher: UN Population Division"
fert_rate,SP.DYN.TFRT.IN,"Fertility rate, total (births per woman)",Health & demography,Total fertility rate represents the number of children that would be born to a woman if she were to live to the end of her childbearing years and bear children in accordance with age-specific fertility rates of the specified year.,All values from 2022.,260,"World Population Prospects, United Nations (UN), publisher: UN Population Division;
Statistical databases and publications from national statistical offices, National Statistical Offices (NSOs);
Demographic Statistics, Eurostat (ESTAT)"
adol_fert,SP.ADO.TFRT,"Adolescent fertility rate (births per 1,000 women ages 15-19)",Health & demography,"Adolescent fertility rate is the number of births per 1,000 women ages 15-19.",All values from 2022.,260,"World Population Prospects, United Nations (UN), publisher: UN Population Division"
pop_total,SP.POP.TOTL,"Population, total",Health & demography,"Total population is based on the de facto definition of population, which counts all residents regardless of legal status or citizenship. The values shown are midyear estimates.",All values from 2022.,260,"World Population Prospects, United Nations (UN), uri: https://population.un.org/wpp/, publisher: UN Population Division;
Statistical databases and publications from national statistical offices, National Statistical Offices (NSOs), uri: https://unstats.un.org/home/nso_sites/, publisher: National Statistical Offices;
Eurostat: Demographic Statistics, Eurostat (ESTAT), uri: https://ec.europa.eu/eurostat/data/database?node_code=earn_ses_monthly, publisher: Eurostat;
Population and Vital Statistics Report (various years), United Nations (UN), uri: https://unstats.un.org, publisher: UN Statistics Division"
pop_density,EN.POP.DNST,Population density (people per sq. km of land area),Health & demography,"Population density is midyear population divided by land area in square kilometers. Population is based on the de facto definition of population, which counts all residents regardless of legal status or citizenship--except for refugees not permanently settled in the country of asylum, who are generally considered part of the population of their country of origin. Land area is a country's total area, excluding area under inland water bodies, national claims to continental shelf, and exclusive economic zones. In most cases the definition of inland water bodies includes major rivers and lakes.",Most recent value within 2018-2022. Years range 2021-2022; most common year 2022; 99.6% of values from 2022.,259,"FAO population estimates, Food and Agriculture Organization of the United Nations (FAO), publisher: Food and Agriculture Organization of the United Nations (FAO);
World Bank population estimates, World Bank (WB), publisher: World Bank (WB)"
pop_0014_pct,SP.POP.0014.TO.ZS,Population ages 0-14 (% of total population),Health & demography,Population between the ages 0 to 14 as a percentage of the total population. Population is based on the de facto definition of population.,All values from 2022.,260,"United Nations Population Division. World Population Prospects., United Nations Population Division, uri: https://population.un.org/wpp/, publisher: United Nations Population Division"
pop_1564_pct,SP.POP.1564.TO.ZS,Population ages 15-64 (% of total population),Health & demography,"Total population between the ages 15 to 64 as a percentage of the total population. Population is based on the de facto definition of population, which counts all residents regardless of legal status or citizenship.",All values from 2022.,260,"World Population Prospects, United Nations (UN), publisher: UN Population Division"
women_parl,SG.GEN.PARL.ZS,Proportion of seats held by women in national parliaments (%),Gender rights & inclusion,Women in parliaments are the percentage of parliamentary seats in a single or lower chamber held by women.,Most recent value within 2018-2022. Years range 2018-2022; most common year 2022; 97.5% of values from 2022.,236,"Monthly ranking of women in national parliaments, Inter-Parliamentary Union (IPU), uri: https://data.ipu.org/women-ranking/, note: For the year of 1998, the data is as of August 10, 1998., type: Excel, date accessed: 2026-03-29"
wbl_index,GD_WBL_OVL_LAW,WBL: Legal Framework Index (scale 0-100),Gender rights & inclusion,"The index refers to the composite measure (0–100) that summarizes how legal frameworks shape women’s economic opportunities across ten topics: Safety, Mobility, Work, Pay, Marriage, Parenthood, Childcare, Entrepreneurship, Assets, and Pension.  It is calculated by taking the unweighted average of the ten topic scores, with 100 representing the highest possible score and 0 the lowest. For details, please refer to the WBL Methodology Handbook (link: https://wbl.worldbank.org/content/dam/sites/wbl/documents/2026/WBL-Methodology-Handbook-2026-FINAL.pdf)","Data from 2025 only (Women, Business and the Law 2.0 methodology; replaces retired SG.LAW.INDX).",196,"Women, Business and the Law, World Bank (WB), uri: https://wbl.worldbank.org/en/wbl-data, date accessed: 2026-03-24, date published: 2026-02-24"
inherit_spouse_eq,GD_WBL_AST_LAW_INHERSPSE,"WBL: Legal Framework, Assets, The law grants equal inheritance rights to male and female surviving spouses",Gender rights & inclusion,"The indicator assesses whether the law: (1) recognizes equal inheritance rights and, if established, the same order of succession for male and female surviving spouses; AND widows do not lose their right to inherited property upon remarriage; OR (2) provides for equal shares of inheritance and, if established, the same order of succession for male and female surviving spouses; AND widows do not lose their right to inherited property upon remarriage.

Score = 1 if any of the two conditions is met; otherwise, score = 0. For details, please refer to the WBL Methodology Handbook (link: https://wbl.worldbank.org/content/dam/sites/wbl/documents/2026/WBL-Methodology-Handbook-2026-FINAL.pdf).","Data from 2025 only (WBL 2.0). Binary: 1 = yes, 0 = no.",188,"World Bank: Women, Business and the Law. https://wbl.worldbank.org/"
inherit_child_eq,GD_WBL_AST_LAW_INHERCHLD,"WBL: Legal Framework, Assets, The law grants equal inheritance rights to sons and daughters",Gender rights & inclusion,"The indicator assesses whether the law:  (1) explicitly grants sons and daughters equal rights to inherit assets from their parents; OR (2) mandates equal shares of inheritance for sons and daughters; OR (3) does not specify any legal distinctions between boys and girls in matters of inheritance.

Score = 1 if one of the conditions is met; otherwise, score = 0. For details, please refer to the WBL Methodology Handbook (link: https://wbl.worldbank.org/content/dam/sites/wbl/documents/2026/WBL-Methodology-Handbook-2026-FINAL.pdf).","Data from 2025 only (WBL 2.0). Binary: 1 = yes, 0 = no.",188,"World Bank: Women, Business and the Law. https://wbl.worldbank.org/"
finacct_fem,FX.OWN.TOTL.FE.ZS,"Account ownership at a financial institution or with a mobile-money-service provider, female (% of population ages 15+)",Gender rights & inclusion,"Account denotes the percentage of respondents who report having an account (by themselves or together with someone else) at a bank or another type of financial institution or report personally using a mobile money service in the past 12 months (female, % age 15+).",Most recent value within 2018-2022. Years range 2021-2022; most common year 2021; 10.4% of values from 2022.,154,"Global Findex Database, World Bank (WB), uri: https://www.worldbank.org/en/publication/globalfindex"
internet_use,IT.NET.USER.ZS,Individuals using the Internet (% of population),Infrastructure & technology,"Internet users are individuals who have used the Internet (from any location) in the last 3 months. The Internet can be used via a computer, mobile phone, personal digital assistant, games machine, digital TV etc.",Most recent value within 2018-2022. Years range 2018-2022; most common year 2022; 95.5% of values from 2022.,220,"World Telecommunication/ICT Indicators Database, International Telecommunication Union (ITU), uri: https://datahub.itu.int/"
elec_access,EG.ELC.ACCS.ZS,Access to electricity (% of population),Infrastructure & technology,"Access to electricity is the percentage of population with access to electricity. Electrification data are collected from industry, national surveys and international sources.",All values from 2022.,258,"SDG 7.1.1 Electrification Dataset, World Bank (WB), uri: https://trackingsdg7.esmap.org/downloads, note: Data is downloaded from ESMAP website. Data is released when a new Tracking SDG7 report is released., publisher: World Bank (WB), date accessed: 2024-05-16, date published: 2023"
clean_fuels,EG.CFT.ACCS.ZS,Access to clean fuels and technologies for cooking (% of population),Infrastructure & technology,"Access to clean fuels and technologies for cooking is the proportion of total population primarily using clean cooking fuels and technologies for cooking. Under WHO guidelines, kerosene is excluded from clean cooking fuels.",All values from 2022.,232,"Tracking SDG 7: The Energy Progress Report, ACRA Europe, uri: https://trackingsdg7.esmap.org/, note: License: Creative Commons Attribution—NonCommercial 3.0 IGO (CC BY-NC 3.0 IGO), publisher: International Energy Agency (IEA), International Renewable Energy Agency (IRENA), United Nations Statistical Division (UNSD), World Bank, World Health Organization (WHO), date published: 2025-06;
International Renewable Energy Agency (IRENA), note: Tracking SDG 7: The Energy Progress Report;
United Nations (UN), note: Tracking SDG 7: The Energy Progress Report, publisher: UN Statistics Division;
World Bank (WB), note: Tracking SDG 7: The Energy Progress Report;
World Health Organization (WHO), note: Tracking SDG 7: The Energy Progress Report"
energy_pc,EG.USE.PCAP.KG.OE,Energy use (kg of oil equivalent per capita),Infrastructure & technology,"Energy use refers to use of primary energy before transformation to other end-use fuels, which is equal to indigenous production plus imports and stock changes, minus exports and fuels supplied to ships and aircraft engaged in international transport.",All values from 2022.,188,"IEA Energy Statistics Data Browser, International Energy Agency (IEA), uri: https://www.iea.org/data-and-statistics/data-tools/energy-statistics-data-browser, publisher: International Energy Agency (IEA), date accessed: 2025-03-25"
co2_pc,EN.GHG.CO2.PC.CE.AR5,Carbon dioxide (CO2) emissions excluding LULUCF per capita (t CO2e/capita),Environment,"Total annual emissions of carbon dioxide (CO2), one of the six Kyoto greenhouse gases (GHG), from the agriculture, energy, waste, and industrial sectors, excluding LULUCF, standardized to carbon dioxide equivalent values divided by the economy's population. This measure excludes GHG fluxes caused by Land Use, Land-Use Change and Forestry (LULUCF), as these fluxes have larger uncertainties.",All values from 2022.,246,"EDGAR (Emissions Database for Global Atmospheric Research) Community GHG Database, Joint Research Centre (JRC) - European Commission, uri: https://edgar.jrc.ec.europa.eu/dataset_ghg2024, publisher: JRC European Commission, date published: 2024;
International Energy Agency (IEA), uri: https://edgar.jrc.ec.europa.eu/dataset_ghg2024, publisher: JRC European Commission, date published: 2024"
ghg_pc,EN.GHG.ALL.PC.CE.AR5,Total greenhouse gas emissions excluding LULUCF per capita (t CO2e/capita),Environment,"Total annual emissions of the six greenhouse gases (GHG) covered by the Kyoto Protocol (carbon dioxide (CO2), methane (CH4), nitrous oxide (N2O), hydrofluorocarbons (HFCs), perfluorocarbons (PFCs), and sulphurhexafluoride (SF6)) from the energy, industry, waste, and agriculture sectors, standardized to carbon dioxide equivalent values divided by the economy's population. This measure excludes GHG fluxes caused by Land Use Change and Forestry (LULUCF), as these fluxes have larger uncertainties.",All values from 2022.,246,"EDGAR (Emissions Database for Global Atmospheric Research) Community GHG Database, Joint Research Centre (JRC) - European Commission, uri: https://edgar.jrc.ec.europa.eu/dataset_ghg2024, publisher: JRC European Commission, date published: 2024;
International Energy Agency (IEA), uri: https://edgar.jrc.ec.europa.eu/dataset_ghg2024, publisher: JRC European Commission, date published: 2024"
renew_energy,EG.FEC.RNEW.ZS,Renewable energy consumption (% of total final energy consumption),Environment,Renewable energy consumption is the share of renewable energy in total final energy consumption.,Most recent value within 2018-2022. Years range 2020-2022; most common year 2021; 27.8% of values from 2022.,255,"IEA Energy Statistics Data Browser, International Energy Agency (IEA), uri: https://www.iea.org/data-and-statistics/data-tools/energy-statistics-data-browser, publisher: International Energy Agency (IEA), date accessed: 2025-03-25"
renew_elec,EG.ELC.RNEW.ZS,Renewable electricity output (% of total electricity output),Environment,Renewable electricity is the share of electricity generated by renewable power plants in total electricity generated by all types of plants.,Most recent value within 2018-2022. Years range 2020-2021; most common year 2021; 0.0% of values from 2022.,248,"IEA Energy Statistics Data Browser, International Energy Agency (IEA), uri: https://www.iea.org/data-and-statistics/data-tools/energy-statistics-data-browser, publisher: International Energy Agency (IEA), date accessed: 2025-03-25"
forest_pct,AG.LND.FRST.ZS,Forest area (% of land area),Environment,"Forest area (% of land area) is the share of total land area that is under natural or planted stands of trees of at least 5 meters in situ, whether productive or not, and excludes tree stands in agricultural production systems (for example, in fruit plantations and agroforestry systems) and trees in urban parks and gardens.",Most recent value within 2018-2022. Years range 2021-2022; most common year 2022; 99.6% of values from 2022.,257,"FAOSTAT, Food and Agriculture Organization of the United Nations (FAO), uri: https://www.fao.org/faostat/en/#data/RL, publisher: Food and Agriculture Organization of the United Nations (FAO)"
agri_land,AG.LND.AGRI.ZS,Agricultural land (% of land area),Environment,"Agricultural land refers to the share of land area that is arable, under permanent crops, and under permanent pastures. Arable land includes land defined by the FAO as land under temporary crops (double-cropped areas are counted once), temporary meadows for mowing or for pasture, land under market or kitchen gardens, and land temporarily fallow. Land abandoned as a result of shifting cultivation is excluded. Land under permanent crops is land cultivated with crops that occupy the land for long periods and need not be replanted after each harvest, such as cocoa, coffee, and rubber. This category includes land under flowering shrubs, fruit trees, nut trees, and vines, but excludes land under trees grown for wood or timber. Permanent pasture is land used for five or more years for forage, including natural and cultivated crops.",Most recent value within 2018-2022. Years range 2021-2022; most common year 2022; 99.6% of values from 2022.,253,"FAO electronic files and web site, Food and Agriculture Organization of the United Nations (FAO), publisher: Food and Agriculture Organization of the United Nations (FAO)"
protected_area,ER.PTD.TOTL.ZS,Terrestrial and marine protected areas (% of total territorial area),Environment,"Terrestrial protected areas are totally or partially protected areas of at least 1,000 hectares that are designated by national authorities as scientific reserves with limited public access, national parks, natural monuments, nature reserves or wildlife sanctuaries, protected landscapes, and areas managed mainly for sustainable use. Marine protected areas are areas of intertidal or subtidal terrain--and overlying water and associated flora and fauna and historical and cultural features--that have been reserved by law or other effective means to protect part or all of the enclosed environment. Sites protected under local or provincial law are excluded.",All values from 2022.,256,"Protected Planet: The World Database on Protected Areas (WDPA) and World Database on Other Effective Area-based Conservation Measures (WD-OECM), UN Environment Programme World Conservation Monitoring Centre (UNEP-WCMC), uri: https://www.protectedplanet.net/en, publisher: Protected Planet, date accessed: 20240516, date published: 202405;
International Union for Conservation of Nature (IUCN), uri: https://www.protectedplanet.net/en, publisher: Protected Planet, date accessed: 20240516"
pm25,EN.ATM.PM25.MC.M3,"PM2.5 air pollution, mean annual exposure (micrograms per cubic meter)",Environment,"Population-weighted exposure to ambient PM2.5 pollution is defined as the average level of exposure of a nation's population to concentrations of suspended particles measuring less than 2.5 microns in aerodynamic diameter, which are capable of penetrating deep into the respiratory tract and causing severe health damage. Exposure is calculated by weighting mean annual concentrations of PM2.5 by population in both urban and rural areas.",All values from 2022.,243,"Global Burden of Disease Study 2023 (GBD 2023) Air Pollution Exposure Estimates and Risk Curves 1990-2023, GBD Collaborator Network, uri: https://ghdx.healthdata.org/record/ihme-data/gbd-2023-air-pollution-exposure-estimates-1990-2023, note: Need to create account to retrieve data., publisher: Institute for Health Metrics and Evaluation (IHME), date accessed: 2026-04-03, date published: 2026-01-23"
freshwater_wd,ER.H2O.FWTL.ZS,"Annual freshwater withdrawals, total (% of internal resources)",Environment,"Annual freshwater withdrawals refer to total water withdrawals, not counting evaporation losses from storage basins. Withdrawals also include water from desalination plants in countries where they are a significant source. Withdrawals can exceed 100 percent of total renewable resources where extraction from nonrenewable aquifers or desalination plants is considerable or where there is significant water reuse. Withdrawals for agriculture and industry are total withdrawals for irrigation and livestock production and for direct industrial use (including withdrawals for cooling thermoelectric plants). Withdrawals for domestic uses include drinking water, municipal use or supply, and use for public services, commercial establishments, and homes. Data are for the most recent year available for 1987-2002.",Most recent value within 2018-2022. Years range 2021-2022; most common year 2022; 99.1% of values from 2022.,219,"AQUASTAT - FAO's Global Information System on Water and Agriculture, Food and Agriculture Organization of the United Nations (FAO), uri: https://data.apps.fao.org/aquastat/, publisher: Food and Agriculture Organization of the United Nations (FAO), date accessed: 20240529"
safe_water,SH.H2O.SMDW.ZS,People using safely managed drinking water services (% of population),Environment,"The percentage of people using drinking water from an improved source that is accessible on premises, available when needed and free from fecal and priority chemical contamination. Improved water sources include piped water, boreholes or tubewells, protected dug wells, protected springs, and packaged or delivered water.",Most recent value within 2018-2022. Years range 2021-2022; most common year 2022; 99.4% of values from 2022.,174,"WHO/UNICEF Joint Monitoring Programme (JMP) for Water Supply, Sanitation and Hygiene, World Health Organization (WHO), uri: washdata.org, note: Aggregate data by groups are computed based on the groupings for the World Bank fiscal year in which the data was released by the WHO/UNICEF Joint Monitoring Programme (JMP) for Water Supply, Sanitation and Hygiene., publisher: WHO/UNICEF Joint Monitoring Programme (JMP) for Water Supply, Sanitation and Hygiene (washdata.org), date accessed: 2025-09-30, date published: 2025-08-25;
UN Children's Fund (UNICEF), uri: washdata.org, note: WHO/UNICEF Joint Monitoring Programme (JMP) for Water Supply, Sanitation and Hygiene"
safe_sanit,SH.STA.SMSS.ZS,People using safely managed sanitation services (% of population),Environment,"The percentage of people using improved sanitation facilities that are not shared with other households and where excreta are safely disposed of in situ or transported and treated offsite. Improved sanitation facilities include flush/pour flush to piped sewer systems, septic tanks or pit latrines: ventilated improved pit latrines, composting toilets or pit latrines with slabs.",Most recent value within 2018-2022. Years range 2018-2022; most common year 2022; 98.8% of values from 2022.,171,"WHO/UNICEF Joint Monitoring Programme (JMP) for Water Supply, Sanitation and Hygiene, World Health Organization (WHO), uri: washdata.org, note: Aggregate data by groups are computed based on the groupings for the World Bank fiscal year in which the data was released by the WHO/UNICEF Joint Monitoring Programme (JMP) for Water Supply, Sanitation and Hygiene., publisher: WHO/UNICEF Joint Monitoring Programme (JMP) for Water Supply, Sanitation and Hygiene (washdata.org), date accessed: 2025-09-30, date published: 2025-08-25;
UN Children's Fund (UNICEF), uri: washdata.org, note: WHO/UNICEF Joint Monitoring Programme (JMP) for Water Supply, Sanitation and Hygiene"
migrant_stock,SM.POP.TOTL,"International migrant stock, total",Migration & refugees,"International migrant stock, total is the number of people at mid-year born in a country other than that in which they live. It also includes refugees.",Most recent value within 2018-2022. Years range 2020-2020; most common year 2020; 0.0% of values from 2022.,258,"International Migrant Stock, United Nations (UN), publisher: UN Population Division"
migrant_stock_pct,SM.POP.TOTL.ZS,International migrant stock (% of population),Migration & refugees,International migrant stock (% of population) is the proportion of people at mid-year born in a country other than that in which they live. It also includes refugees.,Most recent value within 2018-2022. Years range 2020-2020; most common year 2020; 0.0% of values from 2022.,259,"International Migrant Stock, United Nations (UN), publisher: UN Population Division"
net_migration,SM.POP.NETM,Net migration,Migration & refugees,"Net migration is the net total of migrants during the period, that is, the number of immigrants minus the number of emigrants, including both citizens and noncitizens.",All values from 2022.,260,"World Population Prospects, United Nations (UN), publisher: UN Population Division"
refugees_asylum,SM.POP.RHCR.EA,Refugees under the mandate of the UNHCR by country or territory of asylum,Migration & refugees,"Refugees under the mandate of the Office of the United Nations High Commissioner for Refugees (UNHCR) include individuals recognized under the 1951 Convention relating to the Status of Refugees, its 1967 Protocol, the 1969 Organization of African Unity (OAU) Convention Governing the Specific Aspects of Refugee Problems in Africa, the refugee definition contained in the 1984 Cartagena Declaration on Refugees as incorporated into national laws, those recognized in accordance with the UNHCR Statute, individuals granted complementary forms of protection, and those enjoying temporary protection. The refugee population also includes people in a refugee-like situation, which is a category that is descriptive in nature and includes groups of people who are outside their country or territory of origin and who face protection risks similar to those of refugees, but for whom refugee status has, for practical or other reasons, not been ascertained. Refugees under the mandate of the United Nations Relief and Works Agency for Palestine Refugees in the Near East (UNRWA), Palestine Refugees, are not typically included in the statistics on refugees (and people in a refugee-like situation) under the mandate of the UNHCR.",Most recent value within 2018-2022. Years range 2018-2022; most common year 2022; 98.2% of values from 2022.,221,"Refugee Population Statistics Database, UN High Commissioner for Refugees (UNHCR), uri: https://www.unhcr.org/refugee-statistics/download"
refugees_origin,SM.POP.RHCR.EO,Refugees under the mandate of the UNHCR by country or territory of origin,Migration & refugees,"Refugees under the mandate of the Office of the United Nations High Commissioner for Refugees (UNHCR) include individuals recognized under the 1951 Convention relating to the Status of Refugees, its 1967 Protocol, the 1969 Organization of African Unity (OAU) Convention Governing the Specific Aspects of Refugee Problems in Africa, the refugee definition contained in the 1984 Cartagena Declaration on Refugees as incorporated into national laws, those recognized in accordance with the UNHCR Statute, individuals granted complementary forms of protection, and those enjoying temporary protection. The refugee population also includes people in a refugee-like situation, which is a category that is descriptive in nature and includes groups of people who are outside their country or territory of origin and who face protection risks similar to those of refugees, but for whom refugee status has, for practical or other reasons, not been ascertained. Refugees under the mandate of the United Nations Relief and Works Agency for Palestine Refugees in the Near East (UNRWA), Palestine Refugees, are not typically included in the statistics on refugees (and people in a refugee-like situation) under the mandate of the UNHCR.",Most recent value within 2018-2022. Years range 2019-2022; most common year 2022; 99.2% of values from 2022.,240,"Refugee Population Statistics Database, UN High Commissioner for Refugees (UNHCR), uri: https://www.unhcr.org/refugee-statistics/download"